CountryID,Country,1970,1971,1972,1973,1974,1975,1976,1977,1978,1979,1980,1981,1982,1983,1984,1985,1986,1987,1988,1989,1990,1991,1992,1993,1994,1995,1996,1997,1998,1999,2000,2001,2002,2003,2004,2005,2006,2007,2008,2009,2010,2011,2012,2013,2014,2015,2016,2017,2018
4,Afghanistan,157,160,135,143,174,187,197,224,247,276,273,264,267,271,275,278,283,249,229,282,292,251,240,168,124,179,166,156,148,135,170,168,190,208,226,258,284,383,388,443,551,637,685,670,639,599,572,593,552
8,Albania,"1,053","1,058","1,064","1,069","1,076","1,082","1,090","1,096","1,105",903,798,809,817,810,784,783,787,761,769,903,653,487,467,532,598,769,"1,033",718,821,"1,032","1,115","1,255","1,393","1,784","2,312","2,609","2,904","3,519","4,290","4,051","4,046","4,402","4,228","4,400","4,567","3,939","4,109","4,516","5,224"
12,Algeria,356,361,469,588,821,937,"1,039","1,194","1,457","1,780","2,198","2,233","2,205","2,308","2,427","2,580","2,724","2,706","2,400","2,204","2,397","1,764","1,817","1,840","1,500","1,459","1,600","1,616","1,592","1,585","1,761","1,751","1,784","2,103","2,610","3,113","3,479","3,951","4,924","3,883","4,481","5,456","5,592","5,500","5,493","4,178","3,946","4,044","4,115"
20,Andorra,"4,098","4,426","5,336","6,761","7,996","9,071","9,050","9,807","11,552","14,956","15,660","13,125","12,161","10,151","9,780","9,837","13,111","15,963","18,100","19,191","23,886","24,714","25,999","20,900","20,542","23,359","24,064","23,224","23,908","24,372","21,937","22,229","24,743","32,775","38,505","41,281","43,745","48,580","47,787","43,336","39,734","41,103","38,393","40,629","42,299","36,041","37,223","39,231","42,052"
24,Angola,646,663,656,772,832,590,547,577,622,668,857,775,748,752,769,914,828,921,960,"1,080","1,153","1,321","1,468","1,030","1,026",476,606,688,561,519,745,705,872,983,"1,256","1,902","2,600","3,122","4,081","3,123","3,588","4,615","5,100","5,255","5,408","4,167","3,506","4,096","3,437"
660,Anguilla,576,669,780,872,950,"1,030",980,"1,087","1,250","1,441","1,664","1,930","2,245","2,604","3,015","3,720","4,664","5,577","6,665","7,938","8,496","8,508","9,050","9,702","10,634","10,515","10,827","11,809","12,976","13,426","13,327","13,454","13,387","14,147","16,445","18,398","22,452","27,609","27,124","21,308","19,938","21,470","20,305","20,195","22,060","23,148","21,978","19,281","19,891"
28,Antigua and Barbuda,528,639,880,"1,231","1,323","1,363","1,138","1,300","1,475","1,819","2,173","2,461","2,728","3,031","3,430","3,962","4,703","5,463","6,453","7,076","7,348","7,602","7,744","8,136","8,771","8,407","9,031","9,492","9,940","10,261","10,871","10,367","10,401","10,799","11,449","12,557","13,998","15,623","16,044","14,160","13,049","12,746","13,272","12,910","13,502","14,286","15,198","15,383","16,727"
32,Argentina,"1,423","1,676","1,554","1,722","1,906","1,997","2,083","2,313","2,356","2,691","2,931","2,987","3,023","3,218","3,347","3,162","3,737","3,781","4,342","2,583","4,696","6,215","7,394","7,553","8,118","8,031","8,371","8,905","8,988","8,430","8,358","7,816","2,935","3,687","4,311","5,158","5,966","7,302","9,123","8,309","10,429","12,830","13,925","14,535","13,299","14,971","12,814","14,628","11,688"
51,Armenia,,,,,,,,,,,,,,,,,,,,,651,600,364,348,383,426,538,558,649,637,664,741,835,992,"1,271","1,753","2,301","3,348","4,277","3,193","3,432","3,760","3,682","3,838","3,986","3,607","3,592","3,915","4,212"
533,Aruba,"3,346","3,502","3,664","3,834","4,019","4,224","4,455","4,709","4,982","5,258","5,528","5,777","6,008","6,241","6,507","6,834","7,242","8,823","10,925","12,747","13,770","15,100","15,716","16,712","18,173","17,229","17,380","18,785","19,995","20,283","21,608","21,661","21,413","21,833","23,649","24,419","25,165","27,038","28,346","25,777","24,607","26,149","25,864","26,190","26,647","27,980","28,281","29,006","30,262"
36,Australia,"3,534","3,872","4,484","6,388","7,516","7,919","8,434","8,264","9,536","10,438","11,891","13,676","12,825","12,674","13,393","11,633","12,040","14,089","17,548","19,147","19,092","19,174","18,737","18,027","20,371","21,736","23,890","23,738","20,960","22,704","21,524","20,324","22,430","28,456","34,122","37,710","39,863","47,099","49,550","46,657","58,654","68,626","69,451","66,361","62,054","52,182","54,062","57,601","58,393"
40,Austria,"2,045","2,365","2,910","3,880","4,614","5,245","5,622","6,750","8,135","9,706","10,783","9,341","9,375","9,485","8,937","9,112","12,988","16,254","17,409","17,316","21,552","22,359","24,910","24,122","25,612","30,169","29,592","26,489","27,143","26,975","24,389","24,369","26,233","32,007","36,622","38,282","40,551","46,751","51,586","47,792","46,599","50,999","48,155","50,264","51,304","43,995","45,183","47,429","51,230"
31,Azerbaijan,,,,,,,,,,,,,,,,,,,,,900,909,709,550,445,396,404,500,557,569,649,696,753,870,"1,027","1,551","2,431","3,788","5,538","4,963","5,857","7,211","7,521","7,902","7,915","5,516","3,889","4,151","4,718"
44,Bahamas,"4,505","4,546","4,779","5,357","6,370","5,829","6,288","6,535","7,454","8,858","10,397","10,535","11,600","12,630","13,205","14,095","14,954","16,176","16,534","18,321","18,607","17,951","17,601","17,178","17,791","18,433","20,644","22,037","23,514","26,130","27,098","27,486","28,867","28,327","28,396","30,278","30,714","31,472","30,627","28,552","28,444","28,006","29,486","28,768","29,445","31,406","31,589","31,828","32,218"
48,Bahrain,"1,985","2,065","2,512","3,425","4,459","4,444","6,007","7,071","7,570","8,518","10,460","11,359","11,575","11,545","11,753","10,669","8,629","8,465","8,971","9,309","9,899","10,196","10,385","11,090","11,664","12,040","12,199","12,296","11,403","11,912","13,636","12,868","13,050","14,222","15,847","17,959","19,308","20,977","23,067","19,356","20,722","22,514","23,654","24,744","24,989","22,689","22,632","23,715","24,134"
50,Bangladesh,96,85,93,100,118,121,132,135,169,190,210,208,184,183,209,211,217,240,253,268,273,285,284,287,299,329,338,343,348,358,356,349,356,383,408,414,497,560,635,700,776,827,854,"1,005","1,120","1,245","1,395","1,538","1,671"
52,Barbados,912,"1,021","1,161","1,407","1,672","1,953","2,107","2,384","2,654","3,204","4,095","4,491","4,678","4,952","5,383","5,617","6,147","6,745","7,147","7,874","7,874","7,782","7,494","7,875","8,247","8,637","9,172","9,653","10,838","11,310","11,609","11,549","11,706","12,055","12,891","14,242","15,199","16,771","17,092","15,886","16,056","16,459","16,250","16,452","16,488","16,525","16,900","17,392","17,746"
112,Belarus,,,,,,,,,,,,,,,,,,,,,"1,919","1,955","1,807","1,714","1,550","1,421","1,492","1,456","1,578","1,264","1,091","1,302","1,548","1,904","2,488","3,266","4,015","4,937","6,644","5,393","6,075","6,560","6,975","8,015","8,356","5,981","5,052","5,791","6,312"
56,Belgium,"2,773","3,086","3,839","4,912","5,749","6,721","7,260","8,438","10,293","11,804","12,852","10,599","9,312","8,808","8,414","8,699","12,088","15,026","16,297","16,455","20,520","20,968","23,297","22,208","24,113","28,276","27,350","24,717","25,253","25,173","22,973","22,923","24,812","30,461","35,167","36,557","38,410","43,963","47,802","44,320","43,968","47,453","44,760","46,767","47,649","40,942","41,927","44,156","47,293"
84,Belize,228,284,362,579,760,868,674,855,963,"1,107","1,496","1,448","1,310","1,343","1,456","1,405","1,488","1,756","1,948","2,192","2,394","2,507","2,667","2,833","2,880","2,996","3,002","2,953","2,992","3,066","3,364","3,404","3,526","3,650","3,802","3,883","4,154","4,252","4,404","4,187","4,271","4,423","4,506","4,569","4,706","4,776","4,818","4,888","4,885"
204,Benin,111,115,138,166,174,206,214,229,271,321,399,368,349,293,273,264,328,372,374,337,400,392,428,419,284,397,419,390,410,404,374,379,419,519,583,602,626,706,820,793,758,826,834,911,931,799,789,829,907
60,Bermuda,"5,052","5,660","6,242","7,070","8,118","8,876","9,853","10,610","11,389","13,144","15,675","17,021","18,859","20,861","21,812","23,963","26,426","28,729","30,483","32,107","33,017","34,089","34,465","36,498","37,754","40,301","42,557","45,766","48,615","51,389","53,532","56,338","59,968","63,487","67,796","73,474","81,031","89,180","93,714","90,431","89,510","86,171","86,007","87,712","88,552","92,487","96,164","99,437","101,208"
64,Bhutan,208,216,221,241,275,249,246,263,245,266,316,346,355,388,372,371,426,496,519,487,515,436,439,415,488,541,564,646,639,695,743,789,872,991,"1,100","1,262","1,366","1,799","1,874","1,865","2,313","2,625","2,599","2,532","2,724","2,830","3,013","3,391","3,524"
68,Bolivia (Plurinational State of),225,239,273,271,439,480,538,528,565,599,631,682,679,661,667,667,650,669,699,702,709,762,788,784,801,881,951,999,"1,049","1,003",998,949,904,908,967,"1,034","1,219","1,373","1,715","1,754","1,955","2,346","2,610","2,908","3,082","3,036","3,077","3,351","3,549"
70,Bosnia and Herzegovina,,,,,,,,,,,,,,,,,,,,,"1,737","1,400","1,118",890,716,531,751,"1,038","1,161","1,283","1,518","1,583","1,834","2,316","2,766","2,981","3,417","4,193","5,091","4,715","4,635","5,092","4,779","5,132","5,330","4,727","4,995","5,395","5,951"
72,Botswana,106,136,172,246,330,370,386,478,548,687,949,"1,047",886,930,940,783,"1,007","1,335","1,490","2,427","2,892","2,916","2,984","2,918","2,970","3,220","3,222","3,259","3,040","3,406","3,522","3,278","3,191","4,331","5,074","5,520","5,516","5,833","5,714","5,256","6,435","7,617","7,070","7,225","7,781","6,800","7,244","7,893","8,258"
76,Brazil,370,403,507,701,878,"1,008","1,163","1,322","1,466","1,579","1,584","1,825","1,888","1,316","1,322","1,386","1,632","1,754","1,922","2,566","2,731","2,496","2,351","2,594","3,641","4,802","5,161","5,272","5,029","3,448","3,732","3,165","2,852","3,074","3,637","4,790","5,886","7,348","8,831","8,598","11,286","13,245","12,370","12,300","12,113","8,814","8,707","9,881","8,921"
92,British Virgin Islands,"1,182","1,001","1,026","1,140","1,341","1,455","1,568","1,605","1,845","2,266","2,764","2,934","3,334","3,609","3,794","3,772","3,911","4,435","4,755","5,426","6,855","8,706","10,912","14,366","18,386","23,475","26,292","30,314","34,627","38,378","42,225","44,740","42,482","37,518","38,145","42,997","44,828","46,095","43,409","36,998","36,732","34,573","35,615","35,802","37,924","40,283","43,972","46,122","48,511"
96,Brunei Darussalam,"1,736","1,829","2,395","3,663","8,695","9,079","10,627","12,456","13,458","18,771","31,930","27,417","25,991","22,769","21,775","19,717","11,686","13,048","12,068","13,156","15,077","15,406","16,929","16,151","15,647","17,655","18,607","18,458","14,061","15,623","19,959","18,252","18,671","20,566","24,268","28,926","34,327","36,192","42,034","30,977","35,269","47,054","47,742","44,741","41,725","31,164","27,156","28,572","31,627"
100,Bulgaria,"1,058","1,040","1,209","1,434","1,551","1,363","1,439","1,467","1,584","1,061","1,220","1,397","1,513","1,622","1,735","1,837","1,953","2,125","2,448","2,471","2,344",958,"1,092","1,391","1,262","2,267","1,483","1,378","1,847","1,690","1,656","1,788","2,085","2,709","3,378","3,886","4,505","5,861","7,235","6,958","6,783","7,774","7,365","7,626","7,851","7,032","7,520","8,300","9,388"
854,Burkina Faso,90,90,113,129,139,163,153,181,229,300,319,288,258,230,200,228,292,331,356,346,400,394,410,381,219,268,283,261,291,300,255,267,293,374,418,458,473,534,641,622,647,750,758,787,792,653,688,738,820
108,Burundi,71,72,69,85,95,112,121,141,155,196,229,233,239,246,218,247,252,231,211,213,211,210,191,168,181,167,143,159,144,129,111,102,94,86,95,152,167,172,198,211,234,250,252,257,275,277,279,297,294
132,Cabo Verde,272,303,342,424,426,496,461,429,489,517,570,549,544,525,491,503,685,836,926,922,"1,037","1,055","1,146","1,123","1,236","1,444","1,452","1,388","1,449","1,614","1,432","1,470","1,594","2,057","2,302","2,387","2,686","3,187","3,721","3,517","3,378","3,738","3,467","3,617","3,585","3,042","3,131","3,293","3,635"
116,Cambodia,110,107,104,87,89,96,103,96,106,103,107,116,120,126,132,137,141,170,199,200,189,242,249,244,259,311,319,305,270,296,302,322,339,363,409,474,540,632,746,738,786,882,951,"1,016","1,093","1,163","1,270","1,385","1,512"
120,Cameroon,202,221,277,367,381,487,516,586,749,968,"1,170","1,065","1,036","1,048","1,001",953,"1,129","1,192","1,129","1,009","1,088","1,014","1,004","1,032",582,709,739,688,722,717,648,654,720,877,989,"1,012","1,062","1,194","1,372","1,315","1,285","1,403","1,355","1,465","1,541","1,326","1,364","1,425","1,534"
124,Canada,"4,175","4,639","5,200","5,937","7,116","7,591","8,946","9,055","9,245","10,161","11,305","12,455","12,628","13,581","14,019","14,224","14,535","16,386","19,002","20,869","21,643","21,963","21,059","20,284","20,094","20,776","21,407","22,022","21,118","22,387","24,348","23,931","24,396","28,442","32,270","36,473","40,548","44,603","46,582","40,734","47,361","51,907","52,365","52,334","50,570","43,194","42,060","44,925","46,192"
136,Cayman Islands,"3,398","4,062","5,107","6,262","6,861","7,682","8,615","9,663","10,876","12,306","14,018","16,081","18,547","25,032","27,153","28,176","29,492","32,692","37,790","40,967","48,428","48,216","48,838","50,138","51,856","53,127","54,428","55,849","69,123","71,065","70,967","70,099","70,826","71,431","73,249","81,399","83,320","87,892","87,638","79,624","75,461","74,409","74,494","74,708","76,207","77,518","79,566","82,440","85,474"
140,Central African Republic,152,160,180,209,213,282,330,363,427,478,529,459,418,357,332,356,452,475,491,470,537,501,499,439,284,362,319,289,291,294,263,262,273,307,336,350,373,418,476,468,464,513,504,352,393,363,399,435,481
148,Chad,98,104,106,114,130,184,169,168,196,173,175,201,184,192,202,194,232,255,288,264,307,296,298,252,198,234,253,234,257,216,189,224,251,330,516,662,713,776,927,815,918,"1,048","1,095","1,044","1,061",828,714,692,736
152,Chile,989,"1,165","1,238","1,737","1,657",759,"1,021","1,363","1,547","2,052","2,690","3,180","2,241","1,823","1,782","1,549","1,640","1,885","2,165","2,429","2,630","2,957","3,515","3,673","4,139","5,222","5,413","5,836","5,523","5,017","5,108","4,605","4,469","4,800","6,198","7,599","9,465","10,502","10,751","10,209","12,808","14,637","15,352","15,843","14,671","13,574","13,748","15,037","15,923"
156,China,112,118,131,156,159,176,163,183,225,267,306,286,276,292,296,288,274,293,358,394,335,347,409,508,459,592,690,762,809,854,939,"1,031","1,125","1,262","1,478","1,718","2,056","2,638","3,394","3,748","4,447","5,486","6,164","6,876","7,459","7,830","7,877","8,546","9,532"
344,"China, Hong Kong SAR",991,"1,140","1,437","1,989","2,282","2,387","2,976","3,523","3,975","4,746","5,928","6,246","6,384","5,826","6,435","6,752","7,644","9,264","10,744","12,183","13,430","15,338","17,780","20,302","22,637","23,775","25,821","28,152","26,318","25,415","25,986","25,418","24,822","23,999","25,072","26,821","28,452","30,935","31,863","30,911","32,821","35,469","37,269","38,892","40,851","43,054","44,296","46,766","49,199"
446,"China, Macao SAR",676,802,982,"1,350","1,571","1,839","1,849","2,390","3,147","3,581","4,234","4,373","4,501","4,298","4,752","4,758","5,134","6,299","7,074","8,063","9,368","10,562","13,466","15,196","16,585","18,147","18,106","17,967","16,460","15,514","15,710","15,553","16,315","17,809","22,446","25,043","29,951","36,353","40,598","40,797","52,253","66,644","76,292","89,288","93,777","75,341","73,955","81,209","86,355"
170,Colombia,470,498,540,625,735,762,872,"1,083","1,265","1,487","1,738","1,853","1,941","1,888","1,826","1,631","1,600","1,632","1,725","1,706","1,703","1,710","1,795","2,038","2,640","3,000","3,095","3,340","3,033","2,614","2,496","2,417","2,374","2,260","2,756","3,404","3,731","4,703","5,462","5,195","6,327","7,324","8,043","8,213","8,114","6,176","5,871","6,375","6,650"
174,Comoros,163,177,204,267,294,444,424,452,564,727,841,754,686,695,652,675,931,"1,093","1,121","1,042","1,241","1,213","1,271","1,222",837,"1,016",983,880,871,877,778,820,897,"1,127","1,276","1,287","1,335","1,238","1,388","1,339","1,315","1,446","1,403","1,505","1,512","1,271","1,272","1,309","1,401"
178,Congo,214,238,277,359,421,481,485,470,567,749,"1,038","1,179","1,241","1,170","1,189","1,138",947,"1,145","1,073","1,144","1,304","1,300","1,229","1,094",704,815,951,845,680,808,"1,074",906,952,"1,070","1,381","1,753","2,153","2,263","2,892","2,291","3,200","3,742","3,923","3,852","3,991","2,284","2,010","2,148","2,703"
184,Cook Islands,524,525,546,715,856,858,833,"1,000","1,202","1,411","1,590","1,657","1,661","1,634","1,686","1,749","2,241","2,835","3,590","3,602","3,990","4,296","4,378","4,832","5,691","6,052","6,151","5,742","5,102","5,545","5,576","5,826","6,638","8,958","10,302","10,443","10,736","11,929","11,981","11,588","13,093","14,948","16,622","16,217","18,057","17,183","17,682","19,741","20,705"
188,Costa Rica,678,722,810,976,"1,038","1,191","1,428","1,772","1,978","2,206","2,571","1,359","1,314","1,543","1,747","1,823","1,993","1,998","1,982","2,187","2,328","2,239","2,595","2,828","3,016","3,246","3,199","3,375","3,579","3,653","3,773","3,945","4,025","4,130","4,385","4,656","5,201","6,072","6,859","6,760","8,142","9,122","9,913","10,490","10,547","11,299","11,666","11,753","12,027"
384,Côte d'Ivoire,294,300,336,435,502,607,694,892,"1,075","1,189","1,267","1,005",863,748,718,704,889,943,924,931,997,933,939,840,605,782,828,775,811,783,649,664,717,870,921,931,949,"1,061","1,236","1,210","1,212","1,221","1,243","1,416","1,559","1,426","1,483","1,561","1,716"
191,Croatia,,,,,,,,,,,,,,,,,,,,,"3,482","2,851","2,589","2,765","3,730","4,856","5,183","5,263","5,670","5,251","4,894","5,258","6,100","7,903","9,488","10,367","11,540","13,793","16,142","14,420","13,818","14,457","13,151","13,576","13,546","11,701","12,260","13,225","14,674"
192,Cuba,653,780,901,"1,088","1,224","1,379","1,443","1,473","1,835","2,000","2,022","2,036","2,108","2,225","2,396","2,270","2,379","2,451","2,641","2,573","2,703","2,278","2,057","2,073","2,625","2,795","2,287","2,308","2,331","2,559","2,747","2,838","2,999","3,197","3,396","3,787","4,684","5,209","5,411","5,530","5,730","6,186","6,497","6,838","7,133","7,700","8,061","8,541","8,822"
531,Curaçao,,,,,,,,,,,,,,,,,,,,,,,,,,,,,,,,,,,,"18,018","18,504","18,989","20,095","19,737","19,782","19,950","20,224","20,075","19,937","19,718","19,387","19,239","19,219"
196,Cyprus,"1,004","1,162","1,397","1,681","1,818","1,571","1,832","2,337","3,045","3,961","4,750","4,527","4,643","4,589","4,767","5,011","6,328","7,501","8,563","9,015","10,802","10,859","12,679","11,801","13,013","15,265","15,154","14,225","15,083","15,283","14,364","14,816","16,042","20,240","23,773","25,311","27,172","31,353","35,399","32,107","30,993","32,353","28,912","27,720","27,092","23,323","24,514","26,484","28,968"
203,Czechia,,,,,,,,,,,,,,,,,,,,,"3,914","2,868","3,352","3,921","4,590","5,771","6,472","5,977","6,441","6,294","5,991","6,574","7,990","9,730","11,638","13,285","15,096","18,270","22,610","19,658","19,691","21,573","19,598","19,780","19,622","17,623","18,372","20,291","22,992"
200,Czechoslovakia (Former),"1,135","1,181","1,346","1,580","1,683","1,842","1,802","2,563","2,802","2,992","3,116","3,297","3,315","3,286","2,967","2,964","3,473","3,892","3,839","3,758","2,626",,,,,,,,,,,,,,,,,,,,,,,,,,,,
408,D.P.R. of Korea,386,415,446,480,518,561,574,589,605,622,638,652,807,793,744,722,805,836,764,811,735,663,593,503,384,222,479,462,456,452,462,476,468,471,473,548,575,597,551,495,571,639,645,668,698,650,667,686,688
180,D.R. of the Congo,238,259,279,346,411,426,390,485,669,638,593,511,497,412,242,252,283,235,261,429,428,395,348,437,229,215,214,215,220,191,177,172,175,174,194,218,255,286,328,299,334,387,425,458,487,497,512,462,561
208,Denmark,"3,463","3,847","4,655","6,125","6,776","7,995","8,773","9,767","11,813","13,747","13,881","12,073","11,792","11,846","11,553","12,252","17,221","21,381","22,558","21,911","26,891","27,008","29,568","27,587","29,966","35,356","35,707","32,881","33,392","33,441","30,734","30,756","33,248","40,486","46,527","48,779","51,960","58,396","64,274","58,129","57,967","61,616","58,306","60,939","62,320","53,206","54,823","57,467","61,834"
262,Djibouti,447,476,541,636,743,755,813,785,775,786,839,853,867,857,840,835,846,813,805,777,774,768,783,780,821,808,771,743,731,750,761,777,790,820,860,905,967,"1,053","1,196","1,321","1,480","1,703","1,964","2,313","2,466","2,676","2,818","2,931","3,049"
212,Dominica,324,360,386,443,525,551,533,587,721,700,930,"1,042","1,138","1,272","1,442","1,596","1,831","2,073","2,424","2,624","2,815","2,987","3,221","3,353","3,594","3,653","3,947","4,113","4,381","4,543","4,614","4,710","4,634","4,811","5,325","5,247","5,625","6,056","6,623","7,042","6,967","7,070","6,839","7,171","7,362","7,598","8,070","7,275","7,691"
214,Dominican Republic,413,451,523,601,730,876,937,"1,062","1,070","1,213","1,430","1,532","1,643","1,741","2,047",869,"1,031",945,846,"1,196","1,335","1,357","1,545","1,721","1,835","2,014","2,148","2,431","2,541","2,620","2,828","2,932","2,940","2,304","2,477","3,903","4,115","4,688","5,039","5,020","5,483","5,891","6,108","6,236","6,499","6,692","6,958","7,230","7,650"
218,Ecuador,471,441,495,588,970,"1,105","1,264","1,493","1,572","1,820","2,237","2,659","2,369","1,988","1,912","1,891","1,647","1,464","1,337","1,390","1,489","1,621","1,688","1,727","2,025","2,132","2,154","2,355","2,293","1,578","1,445","1,895","2,172","2,426","2,691","3,002","3,329","3,568","4,249","4,232","4,634","5,201","5,682","6,056","6,377","6,124","6,060","6,214","6,345"
818,Egypt,236,244,256,260,301,329,380,474,568,369,465,304,346,405,450,483,489,526,558,598,641,683,780,845,925,"1,055","1,163","1,257","1,316","1,361","1,390","1,293","1,210","1,017","1,068","1,251","1,402","1,689","2,070","2,317","2,593","2,734","3,200","3,063","3,328","3,437","2,861","2,023","2,538"
222,El Salvador,92,95,98,111,128,142,177,218,229,252,256,245,250,279,316,383,522,603,704,818,914,983,"1,073","1,217","1,381","1,585","1,685","1,779","1,886","1,931","2,002","2,072","2,124","2,209","2,278","2,429","2,632","2,786","2,933","2,858","2,983","3,266","3,428","3,510","3,589","3,706","3,800","3,902","4,058"
226,Equatorial Guinea,69,73,72,95,106,136,146,166,190,212,223,198,218,228,213,251,303,356,379,339,405,396,453,432,345,433,659,"1,218",981,"1,576","2,492","3,495","4,126","5,385","7,840","11,367","12,857","15,908","22,943","16,668","17,272","21,614","21,712","20,385","19,368","11,275","9,268","9,919","10,179"
232,Eritrea,,,,,,,,,,,,,,,,,,,,,147,169,194,226,284,290,341,356,367,355,308,317,294,335,408,389,415,440,451,595,668,811,942,"1,071","1,197","1,329","1,485","1,737","1,985"
233,Estonia,,,,,,,,,,,,,,,,,,,,,"3,611","3,472","2,850","2,811","2,873","3,120","3,370","3,652","4,026","4,110","4,073","4,498","5,332","7,195","8,906","10,398","12,614","16,693","18,165","14,784","14,786","17,620","17,528","19,159","20,340","17,523","18,227","20,357","23,242"
748,Eswatini,359,433,462,583,700,793,786,846,918,"1,053","1,372","1,465","1,314","1,348","1,064",771,939,"1,200","1,356","1,358","1,525","1,574","1,701","1,681","1,752","2,052","1,897","2,000","1,811","1,741","1,729","1,522","1,405","2,149","2,699","3,084","3,177","3,327","3,137","3,386","4,168","4,497","4,528","4,230","4,039","3,690","3,448","3,953","4,146"
231,Ethiopia,,,,,,,,,,,,,,,,,,,,,234,258,199,139,130,133,140,140,124,114,121,117,110,117,134,159,191,235,309,331,300,338,455,488,552,626,696,722,735
230,Ethiopia (Former),86,89,94,105,115,112,120,134,141,153,160,163,164,174,199,225,228,236,222,221,230,254,199,142,,,,,,,,,,,,,,,,,,,,,,,,,
242,Fiji,424,465,584,769,989,"1,188","1,185","1,204","1,363","1,643","1,896","1,901","1,789","1,641","1,684","1,605","1,799","1,634","1,538","1,734","1,838","1,885","2,062","2,172","2,388","2,571","2,695","2,679","2,100","2,442","2,106","2,067","2,290","2,873","3,377","3,628","3,716","4,040","4,168","3,363","3,653","4,372","4,592","4,840","5,606","5,391","5,651","6,101","6,267"
246,Finland,"2,450","2,693","3,154","4,144","5,262","6,215","6,696","7,030","7,603","9,295","11,204","10,905","10,919","10,483","10,820","11,377","14,914","18,518","21,983","23,911","28,310","25,456","22,306","17,590","20,266","26,213","25,722","24,634","25,955","26,124","24,230","24,886","26,805","32,765","37,604","38,944","41,098","48,330","53,495","47,261","46,439","51,065","47,704","49,878","50,261","42,799","43,758","46,280","50,136"
530,Former Netherlands Antilles,"1,490","1,597","1,794","1,992","2,485","2,928","3,264","3,683","4,485","5,306","5,856","6,697","7,091","6,974","6,962","7,020","9,024","9,356","9,633","10,752","11,285","11,793","12,335","13,142","14,157","14,690","15,523","16,215","16,622","16,736","17,343","17,764","18,102","18,684","19,151","18,663","19,343","20,008","21,145","20,826","20,985","20,653","20,982",,,,,,
250,France,"2,857","3,169","3,854","4,970","5,328","6,691","6,867","7,533","9,265","11,180","12,714","11,105","10,497","9,994","9,420","9,763","13,541","16,302","17,679","17,693","21,793","21,692","23,844","22,413","23,521","26,904","26,875","24,219","24,951","24,657","22,378","22,466","24,215","29,597","33,772","34,807","36,510","41,592","45,427","41,643","40,685","43,812","40,871","42,587","43,005","36,612","36,980","38,684","41,358"
258,French Polynesia,"2,379","2,685","2,851","3,638","4,527","5,442","5,968","6,222","7,628","9,191","10,164","9,227","9,004","9,084","9,116","9,694","14,413","15,519","15,354","15,138","17,849","18,083","19,261","18,021","18,321","20,271","19,163","17,956","18,326","17,782","15,610","15,078","15,790","19,480","21,692","22,037","22,500","25,207","26,918","24,724","22,821","23,145","21,164","22,307","22,612","19,492","19,766","20,594","21,968"
266,Gabon,696,804,891,"1,469","3,081","4,220","5,762","5,261","4,372","5,414","7,464","6,568","5,998","5,479","5,601","5,609","5,167","4,921","4,797","5,020","6,361","6,163","6,208","5,843","4,412","5,087","5,694","5,215","4,286","4,305","4,621","4,119","4,194","4,968","5,794","6,889","7,215","8,447","10,213","7,690","8,841","10,796","9,814","9,681","9,651","7,379","6,984","7,230","8,019"
270,Gambia,345,351,444,734,932,"1,083",964,985,"1,132","1,200","1,314","1,349","1,313","1,257","1,188","1,439",934,994,"1,186","1,177","1,231","1,156","1,155","1,183","1,134","1,157","1,211","1,112","1,128","1,060",987,840,684,558,643,666,662,780,925,833,861,763,743,701,607,661,683,680,716
268,Georgia,,,,,,,,,,,,,,,,,,,,,"1,641","1,344",773,570,533,571,665,784,831,661,737,788,839,991,"1,276","1,602","1,945","2,568","3,249","2,749","2,987","3,702","4,057","4,246","4,368","3,716","3,771","4,052","4,397"
276,Germany,"2,747","3,173","3,800","5,047","5,643","6,222","6,597","7,631","9,424","11,236","12,140","10,248","9,966","9,910","9,334","9,429","13,447","16,640","17,893","17,786","22,411","23,511","26,658","25,753","27,279","31,867","30,708","27,174","27,505","26,958","23,871","23,867","25,372","30,583","34,408","34,873","36,725","42,091","46,014","41,997","42,020","46,310","43,562","45,984","47,684","41,089","42,178","44,349","47,514"
288,Ghana,538,572,486,441,500,467,465,496,565,585,626,645,619,596,650,684,713,744,791,776,894,977,933,786,698,806,842,816,865,870,548,571,646,780,886,"1,044","1,207","1,427","1,603","1,423","1,719","2,063","2,135","2,378","1,969","1,766","1,931","2,026","2,202"
300,Greece,"1,516","1,673","1,923","2,527","2,841","3,166","3,414","3,908","4,714","5,726","5,905","5,385","5,574","5,012","4,843","4,797","5,629","6,527","7,549","7,795","9,573","10,193","11,153","10,330","10,954","12,739","13,465","13,125","13,166","13,525","11,886","12,231","13,757","17,998","21,409","22,074","24,434","28,640","32,107","30,110","27,496","26,576","22,787","22,332","22,149","18,442","18,391","19,262","20,731"
304,Greenland,"1,649","2,051","2,412","3,142","3,771","4,654","5,286","6,188","7,802","9,203","10,367","9,413","8,596","8,775","7,891","8,482","12,249","15,824","17,893","18,375","20,025","19,910","20,304","18,142","19,693","23,671","23,436","20,966","22,459","22,062","20,776","21,072","22,605","27,487","32,052","32,481","35,336","39,521","43,966","44,598","44,196","47,469","46,214","47,594","50,408","44,329","47,989","50,046","53,950"
308,Grenada,202,257,344,425,442,548,555,630,788,917,990,"1,044","1,122","1,149","1,218","1,359","1,526","1,782","1,995","2,212","2,451","2,566","2,596","2,565","2,661","2,774","2,954","3,163","3,460","3,709","5,057","5,041","5,214","5,683","5,742","6,644","6,659","7,213","7,832","7,291","7,258","7,291","7,444","7,789","8,370","9,097","9,628","10,153","10,486"
320,Guatemala,302,306,315,375,450,505,590,722,780,866,964,"1,028","1,015","1,028","1,050","1,210",892,731,791,828,736,884,959,"1,023","1,138","1,255","1,322","1,456","1,553","1,434","1,476","1,568","1,702","1,753","1,873","2,078","2,257","2,490","2,794","2,636","2,825","3,188","3,300","3,453","3,688","3,924","4,141","4,471","4,549"
324,Guinea,184,201,211,222,251,278,312,316,355,374,410,443,469,482,494,521,532,547,584,578,615,631,662,641,654,724,737,701,624,590,518,484,475,544,563,446,453,660,715,674,672,651,717,769,787,769,733,822,938
624,Guinea-Bissau,398,388,445,538,583,663,593,509,588,641,600,644,516,506,539,476,517,547,507,596,625,650,670,686,706,735,482,364,325,345,302,310,325,371,404,436,430,493,598,557,558,703,616,634,622,603,661,739,778
328,Guyana,606,634,634,669,927,"1,078",942,923,"1,029","1,068","1,209","1,158",984,993,913,956,"1,084",724,879,814,850,747,796,987,"1,146","1,302","1,479","1,576","1,518","1,478","1,522","1,524","1,555","1,590","1,685","1,763","1,954","2,331","2,574","2,709","3,015","3,426","3,774","3,938","4,031","4,143","4,455","4,586","4,901"
332,Haiti,94,101,102,126,150,177,225,237,239,260,325,325,331,356,389,421,458,392,387,397,440,417,288,242,280,348,377,404,460,491,433,408,367,318,405,440,508,650,665,664,674,740,763,806,820,781,701,776,835
340,Honduras,303,312,332,367,403,425,495,594,666,753,832,887,886,911,953,"1,014","1,030","1,091","1,180","1,280",734,718,778,775,738,828,829,931,"1,009","1,012","1,093","1,133","1,134","1,159","1,218","1,308","1,430","1,583","1,739","1,790","1,904","2,088","2,144","2,103","2,206","2,302","2,343","2,450","2,500"
348,Hungary,616,669,782,966,"1,056","1,199","1,383","1,536","1,786","2,054","2,370","2,432","2,484","2,264","2,206","2,244","2,597","2,866","3,081","3,133","3,584","3,354","3,739","3,873","4,166","4,487","4,516","4,588","4,738","4,788","4,620","5,273","6,649","8,411","10,278","11,202","11,494","13,963","15,827","13,129","13,209","14,260","12,992","13,770","14,335","12,736","13,074","14,544","16,264"
352,Iceland,"2,538","3,189","3,940","5,326","6,925","6,356","7,466","9,789","11,040","12,433","14,594","14,919","13,543","11,546","11,817","12,169","16,087","22,013","24,088","22,140","24,988","26,424","26,815","23,325","23,742","26,223","27,137","27,799","30,854","32,287","32,106","29,004","32,575","39,639","47,525","56,996","57,442","70,499","57,600","41,652","42,718","46,862","45,214","49,004","54,043","52,655","62,065","73,246","76,867"
356,India,112,118,125,146,161,163,161,182,206,223,268,279,279,297,289,293,315,341,368,355,377,327,323,310,346,386,401,425,421,445,451,456,469,539,622,718,806,"1,001","1,056","1,080","1,353","1,497","1,470","1,497","1,577","1,639","1,726","1,961","2,055"
360,Indonesia,90,93,106,153,236,271,324,389,426,416,573,710,713,630,632,617,554,515,591,663,735,809,863,964,"1,063","1,196","1,325","1,239",540,785,831,797,958,"1,135","1,225","1,345","1,693","1,980","2,307","2,408","3,122","3,643","3,694","3,624","3,492","3,332","3,563","3,837","3,893"
364,Iran (Islamic Republic of),385,469,570,876,"1,453","1,594","2,026","2,314","2,168","2,427","2,474","2,553","3,038","3,618","3,642","1,611","1,494","1,712","1,740","1,661","1,710","1,822","1,866","1,997","1,888","1,861","2,015","1,852","1,768","1,822","1,701","1,829","2,230","2,278","2,756","3,246","3,774","4,905","5,717","5,710","6,658","8,073","7,983","7,054","5,731","5,012","5,347","5,714","5,783"
368,Iraq,332,360,350,425,485,586,723,757,928,"1,208","1,285","1,121","1,146","1,064","1,077","1,085","1,170","1,401","1,463","1,354","1,371",467,537,372,289,241,410,435,538,910,"1,007","1,022",978,902,"1,392","1,856","2,361","3,183","4,352","4,441","4,657","6,045","6,836","7,077","6,638","4,688","4,551","5,077","5,523"
372,Ireland,"1,513","1,734","2,118","2,469","2,563","3,027","2,967","3,473","4,452","5,488","6,433","6,048","6,225","5,975","5,754","6,065","8,176","9,659","10,767","11,195","14,061","14,171","15,862","14,795","16,023","19,271","20,963","22,686","24,427","26,448","26,394","28,404","32,742","41,275","47,776","51,107","54,855","62,411","62,286","52,575","48,778","51,724","48,826","51,684","55,864","62,655","63,999","70,617","79,415"
376,Israel,"2,143","2,199","2,797","3,478","4,578","4,402","4,515","4,780","4,613","5,822","6,485","6,751","7,247","7,945","7,331","6,802","8,297","9,809","11,786","11,491","13,238","14,689","15,874","15,382","16,876","19,043","20,279","20,604","20,342","20,105","22,257","21,575","19,633","20,223","21,180","21,829","23,057","26,136","30,780","28,855","31,852","34,923","33,773","37,834","39,413","37,578","39,333","42,851","44,215"
380,Italy,"2,119","2,314","2,677","3,213","3,632","4,120","4,047","4,618","5,627","7,008","8,469","7,622","7,543","7,805","7,701","7,942","11,237","14,134","15,636","16,283","20,622","21,730","22,991","18,526","19,120","20,546","23,000","21,825","22,383","22,098","20,176","20,519","22,223","27,345","31,119","31,871","33,272","37,621","40,714","37,071","35,972","38,463","34,855","35,590","35,742","30,306","30,918","32,334","34,389"
388,Jamaica,925,998,"1,195","1,206","1,474","1,749","1,790","1,937","1,557","1,415","1,536","1,682","1,828","1,976","1,276","1,115","1,334","1,583","1,840","2,101","2,181","1,934","1,716","2,190","2,173","2,596","2,890","3,251","3,368","3,376","3,392","3,438","3,609","3,481","3,734","4,104","4,331","4,624","4,928","4,335","4,704","5,112","5,210","4,997","4,834","4,911","4,843","5,069","5,354"
392,Japan,"2,026","2,256","2,945","3,945","4,320","4,640","5,156","6,283","8,747","9,027","9,382","10,267","9,486","10,324","10,879","11,477","16,970","20,580","24,855","24,625","25,162","28,691","31,188","35,433","38,928","43,122","38,168","34,791","31,723","35,830","38,326","33,697","32,176","34,716","37,559","37,057","35,277","35,140","39,194","40,694","44,344","47,918","48,303","40,180","37,844","34,297","38,561","38,116","39,082"
400,Jordan,348,354,378,419,469,597,749,898,"1,157","1,361","1,705","1,754","1,795","1,800","1,763","1,784","2,072","2,105","1,877","1,227","1,139","1,127","1,351","1,348","1,429","1,482","1,479","1,510","1,617","1,637","1,669","1,738","1,821","1,896","2,066","2,206","2,539","2,764","3,386","3,473","3,652","3,772","3,824","3,946","4,042","4,092","4,103","4,160","4,238"
398,Kazakhstan,,,,,,,,,,,,,,,,,,,,,"1,811","1,668","1,623","1,519","1,370","1,298","1,346","1,439","1,457","1,123","1,226","1,486","1,645","2,042","2,830","3,709","5,209","6,677","8,413","7,187","9,109","11,681","12,417","13,898","12,797","10,493","7,699","9,226","9,790"
404,Kenya,223,238,258,293,337,356,365,454,518,572,641,581,539,482,480,458,521,553,571,540,534,487,466,313,387,484,481,509,532,472,453,454,447,493,518,587,686,826,902,905,952,972,"1,137","1,210","1,316","1,337","1,411","1,568","1,710"
296,Kiribati,395,412,515,830,"1,481","1,407","1,035",961,"1,102","1,036",565,657,639,595,643,468,442,501,628,587,552,643,643,621,715,720,847,838,805,834,885,760,844,"1,060","1,131","1,215","1,168","1,374","1,428","1,312","1,517","1,735","1,787","1,716","1,635","1,525","1,613","1,626","1,627"
412,Kosovo,,,,,,,,,,,,,,,,,,,,,"2,731","2,030","1,486","1,098","1,093","2,351","1,531","1,448","1,325",922,860,"1,321","1,532","1,811","2,002","2,099","2,224","2,714","3,326","3,321","3,430","3,875","3,738","4,036","4,181","3,615","3,739","4,049","4,453"
414,Kuwait,"3,859","4,859","5,221","5,968","13,520","11,760","12,082","12,257","12,665","19,096","20,962","17,542","14,316","13,234","13,135","12,359","9,772","11,536","10,168","11,618","8,815","5,422","10,389","13,515","14,982","16,535","19,358","17,747","14,169","15,435","18,443","16,588","17,845","22,147","27,011","35,591","42,786","45,781","55,489","37,563","38,576","48,623","51,972","49,390","44,069","29,874","27,650","29,470","34,249"
417,Kyrgyzstan,,,,,,,,,,,,,,,,,,,,,596,562,491,422,342,327,395,376,343,257,278,308,322,383,439,485,553,733,978,879,884,"1,123","1,175","1,280","1,278","1,121","1,122","1,244","1,284"
418,Lao People's DR,44,48,50,56,61,70,75,77,83,87,102,127,141,149,161,170,177,173,171,197,212,245,273,300,340,382,394,360,260,289,339,338,347,392,455,512,617,769,948,985,"1,170","1,377","1,581","1,826","1,998","2,135","2,309","2,424","2,542"
428,Latvia,,,,,,,,,,,,,,,,,,,,,"3,614","3,366","2,268","2,005","2,093","2,149","2,401","2,653","2,940","3,122","3,328","3,533","4,086","5,088","6,299","7,508","9,634","14,058","16,422","12,241","11,234","13,608","13,618","14,804","15,527","13,561","14,048","15,516","17,852"
422,Lebanon,866,950,"1,153","1,465","1,842","1,691",735,"1,373","1,533","1,774","2,104","2,007","1,362","1,435","1,002",858,"1,056",817,"1,295","1,046","1,052","1,491","1,864","2,436","2,751","3,261","3,776","4,263","4,578","4,538","4,340","4,276","4,474","4,512","4,628","4,574","4,632","5,217","6,134","7,371","7,757","7,704","7,987","7,926","7,714","7,650","7,631","7,830","8,224"
426,Lesotho,83,77,90,133,147,149,144,183,244,258,330,326,292,290,249,195,213,279,313,323,369,402,471,458,459,503,495,529,457,452,432,396,369,547,701,781,818,916,941,938,"1,196","1,391","1,329","1,245","1,279","1,197","1,111","1,233","1,248"
430,Liberia,226,232,245,279,332,389,392,426,453,507,505,560,561,538,517,502,490,516,554,578,287,264,173,126,103,102,114,180,203,228,226,216,227,172,205,219,245,274,305,308,332,383,419,456,471,464,467,456,440
434,Libya,"1,865","2,190","2,511","3,293","5,527","5,160","6,432","7,262","6,894","9,149","11,861","9,988","9,437","8,796","7,723","7,715","6,088","5,510","6,056","6,250","7,007","7,572","7,837","6,935","6,338","5,717","6,212","6,486","5,753","6,376","7,180","6,258","3,962","4,668","5,830","7,838","9,356","10,489","15,734","11,222","13,060","6,497","16,094","10,415","5,316","2,752","2,360","3,817","5,147"
438,Liechtenstein,"5,202","5,927","6,925","9,138","10,798","12,190","13,467","15,379","20,921","24,630","26,463","23,175","23,688","23,812","23,460","24,967","36,596","45,625","51,676","51,012","60,991","65,119","68,796","67,082","73,804","87,281","86,704","80,535","84,880","89,917","82,786","82,139","87,771","99,380","110,894","116,560","126,511","144,509","158,442","139,442","156,167","174,913","164,808","173,058","178,853","167,294","165,630","173,358","179,258"
440,Lithuania,,,,,,,,,,,,,,,,,,,,,"2,770","2,701","2,180","1,879","1,742","1,848","2,327","2,827","3,162","3,109","3,295","3,527","4,144","5,507","6,698","7,817","9,145","12,191","14,907","11,821","11,856","14,097","14,067","15,435","16,330","14,118","14,889","16,782","19,083"
442,Luxembourg,"4,443","4,595","5,705","7,760","9,385","9,134","9,940","10,928","13,529","15,743","17,120","14,342","13,050","12,821","12,561","12,915","18,774","23,214","26,063","27,512","34,650","37,069","41,049","41,547","45,539","52,894","52,600","46,983","47,457","51,559","48,758","48,324","53,225","66,074","76,771","81,571","91,089","107,147","115,062","103,453","104,772","115,548","106,767","113,793","119,210","101,889","104,773","108,432","117,370"
450,Madagascar,160,168,187,224,247,286,266,279,307,387,439,379,361,350,284,273,369,282,261,260,311,262,285,309,264,272,334,287,293,283,286,323,304,368,285,319,339,439,536,468,472,531,518,541,531,467,476,515,527
454,Malawi,123,151,168,158,189,206,218,255,291,303,358,349,322,327,310,279,277,272,286,327,337,381,339,372,219,251,297,306,305,296,283,271,298,267,283,290,308,332,388,438,479,535,372,334,366,384,309,359,397
458,Malaysia,358,384,445,661,800,767,886,"1,027","1,247","1,576","1,775","1,769","1,852","2,048","2,234","2,000","1,729","1,948","2,072","2,216","2,442","2,653","3,113","3,433","3,728","4,336","4,798","4,645","3,264","3,493","4,044","3,913","4,166","4,462","4,952","5,587","6,209","7,244","8,475","7,292","9,041","10,399","10,817","10,970","11,319","9,955","9,818","10,254","11,373"
462,Maldives,366,396,447,531,649,394,349,316,359,551,588,601,737,742,824,876,944,908,"1,049","1,143","1,258","1,388","1,574","1,735","1,869","2,228","2,467","2,734","2,856","3,058","3,172","3,098","3,105","3,476","3,941","3,640","4,810","5,574","6,614","6,636","7,077","7,291","7,266","7,928","8,499","9,033","9,209","9,541","10,331"
466,Mali,54,63,70,80,74,108,126,144,164,204,233,211,181,156,150,161,231,270,275,272,323,348,350,336,239,296,320,284,316,323,270,307,335,393,440,489,523,597,691,698,710,837,779,805,850,751,782,831,900
470,Malta,809,854,953,"1,114","1,210","1,523","1,687","1,990","2,511","3,147","3,901","3,849","3,789","3,546","3,321","3,339","4,248","5,137","5,871","6,105","7,278","7,793","8,496","7,557","8,298","9,810","10,010","9,840","10,265","10,480","10,297","10,260","11,204","13,510","15,004","15,799","16,693","19,444","21,924","20,721","21,100","22,746","21,839","23,822","26,223","24,685","26,238","29,184","33,123"
584,Marshall Islands,416,432,451,500,626,659,690,743,789,877,882,982,"1,058","1,208","1,246","1,155","1,405","1,507","1,619","1,604","1,676","1,720","1,866","2,015","2,172","2,405","2,214","2,107","2,159","2,142","2,187","2,241","2,386","2,380","2,437","2,539","2,630","2,752","2,764","2,753","2,986","3,105","3,290","3,377","3,238","3,159","3,426","3,578","3,667"
478,Mauritania,363,378,429,472,581,733,798,793,758,917,"1,099","1,152","1,030","1,017",860,784,896,988,"1,012","1,006","1,025","1,071","1,058",881,909,934,921,873,742,705,632,616,613,703,826,929,"1,197","1,339","1,581","1,339","1,560","1,702","1,698","1,776","1,706","1,562","1,577","1,649","1,730"
480,Mauritius,249,275,340,420,687,680,831,956,"1,159","1,361","1,254","1,250","1,167","1,168","1,105","1,134","1,530","1,902","2,135","2,165","2,590","2,742","3,151","3,142","3,383","3,786","4,093","3,835","3,782","3,858","4,109","4,035","4,206","5,024","5,651","5,544","5,723","6,605","8,062","7,338","8,016","9,207","9,309","9,662","10,183","9,284","9,694","10,486","11,222"
484,Mexico,878,940,"1,051","1,249","1,580","1,879","1,847","1,658","2,026","2,588","3,499","4,384","2,976","2,493","2,875","2,956","2,031","2,156","2,588","3,091","3,573","4,198","4,768","5,650","5,854","3,928","4,412","5,289","5,481","6,157","7,158","7,545","7,593","7,075","7,485","8,278","9,068","9,643","10,017","8,003","9,271","10,203","10,242","10,725","10,922","9,606","8,739","9,282","9,695"
583,Micronesia (FS of),343,372,427,593,783,775,771,759,834,906,933,"1,075","1,088","1,106","1,079","1,262","1,354","1,380","1,493","1,536","1,640","1,781","1,865","1,988","2,015","2,063","2,019","1,906","2,029","2,046","2,171","2,238","2,256","2,291","2,256","2,362","2,405","2,458","2,541","2,721","2,884","3,003","3,123","2,984","2,959","2,894","3,007","3,253","3,296"
492,Monaco,"12,097","13,393","16,199","20,711","22,003","27,402","27,904","30,408","37,154","44,503","50,173","43,367","40,513","38,141","35,635","36,728","50,871","61,358","66,785","67,042","82,625","82,128","89,963","84,158","87,837","99,960","99,339","89,067","91,315","89,857","81,190","81,191","87,232","106,319","120,940","124,190","134,037","169,966","185,729","154,783","150,577","168,797","157,519","177,602","189,162","165,945","169,896","167,516","185,835"
496,Mongolia,155,166,174,194,214,242,258,288,322,355,401,464,520,557,596,633,687,708,750,792,785,726,664,654,678,730,691,613,560,519,550,608,663,749,925,"1,158","1,547","1,893","2,477","1,988","2,643","3,758","4,352","4,366","4,159","3,919","3,660","3,672","4,104"
499,Montenegro,,,,,,,,,,,,,,,,,,,,,"3,491","2,849","2,400","1,325","1,364","1,958","1,410","1,369","1,394","1,361","1,616","1,908","2,107","2,802","3,403","3,697","4,405","5,941","7,316","6,677","6,630","7,258","6,531","7,128","7,321","6,465","6,973","7,739","8,772"
500,Montserrat,675,781,905,"1,007","1,099","1,242","1,085","1,192","1,360","1,646","2,439","2,900","3,257","3,521","3,815","4,040","4,323","4,696","5,326","5,990","7,105","6,052","6,318","6,334","7,057","6,991","6,092","5,549","5,829","6,506","7,292","7,932","9,002","9,107","9,371","10,108","10,549","11,012","11,713","12,146","11,331","12,955","12,868","12,032","11,893","12,358","12,615","12,030","12,754"
504,Morocco,290,304,358,430,518,593,618,697,815,957,"1,105",876,863,761,680,672,866,937,"1,084","1,101","1,222","1,294","1,299","1,203","1,340","1,435","1,571","1,414","1,496","1,467","1,351","1,361","1,442","1,758","1,987","2,054","2,239","2,536","2,933","2,909","2,882","3,092","2,956","3,168","3,219","2,919","2,941","3,083","3,273"
508,Mozambique,439,478,523,601,614,619,549,540,549,562,540,508,521,475,530,695,841,299,255,275,297,268,185,186,184,182,242,282,317,337,310,287,294,317,376,413,432,473,565,522,473,595,658,664,674,590,429,461,499
104,Myanmar,99,99,89,114,133,120,131,131,143,160,173,170,170,172,173,174,129,125,112,119,125,127,141,151,164,177,189,201,130,142,156,162,217,206,211,244,281,367,518,655,819,"1,135","1,187","1,198","1,268","1,187","1,218","1,246","1,354"
516,Namibia,740,803,779,958,"1,136","1,180","1,106","1,202","1,357","1,641","2,290","2,079","1,915","2,027","1,676","1,340","1,457","1,785","1,864","1,826","1,944","2,027","2,258","2,070","2,285","2,422","2,372","2,416","2,210","2,165","2,136","1,906","1,769","2,561","3,397","3,674","3,974","4,356","4,153","4,265","5,325","5,754","5,931","5,694","5,624","5,033","4,786","5,646","5,930"
520,Nauru,"2,343","2,521","2,916","3,708","4,735","4,681","4,682","4,616","4,933","5,014","5,414","5,675","5,296","4,985","4,814","3,887","3,840","4,183","4,754","4,913","5,181","4,664","4,252","3,578","3,495","3,280","3,162","2,905","2,272","2,352","2,101","1,864","1,887","2,412","2,790","2,670","2,584","2,348","4,200","5,458","5,925","8,730","11,887","11,576","12,910","10,050","11,502","12,654","11,876"
524,Nepal,86,86,98,89,111,120,109,106,122,135,139,155,160,155,156,163,163,178,197,191,200,179,188,185,206,210,213,230,212,229,239,242,239,258,287,321,345,415,438,474,603,683,664,677,734,770,770,926,991
528,Netherlands,"2,935","3,391","4,116","5,381","6,302","7,355","7,961","9,233","11,219","12,771","13,794","11,540","11,086","10,681","9,968","9,911","13,762","16,689","17,727","17,374","21,271","21,739","23,934","23,156","24,669","29,240","28,945","26,623","27,818","28,220","26,148","26,920","29,275","35,724","40,351","41,857","44,605","51,339","57,220","52,208","50,744","54,013","49,963","52,063","52,744","45,179","46,141","48,990","53,583"
540,New Caledonia,"3,592","3,977","4,430","4,521","5,123","6,269","5,950","6,093","6,031","7,335","8,147","6,612","6,049","5,433","5,178","5,480","7,587","9,250","12,665","13,101","14,850","15,222","16,357","15,382","16,132","18,772","18,195","17,438","17,093","17,138","15,702","14,876","16,509","21,394","25,268","26,375","29,062","36,199","36,608","34,666","36,900","40,217","37,060","38,406","39,669","32,363","32,831","34,129","36,335"
554,New Zealand,"2,305","2,765","3,296","4,250","4,688","4,485","4,473","4,870","5,902","6,697","7,425","7,956","7,867","7,740","7,384","7,376","9,206","11,616","13,884","13,280","13,372","12,719","12,007","12,805","14,783","17,184","18,694","18,469","15,111","15,694","14,108","13,846","15,775","20,862","25,107","27,741","26,664","32,440","31,153","28,066","33,543","38,125","39,430","42,223","43,970","38,458","40,398","43,687","43,836"
558,Nicaragua,474,489,505,609,821,832,937,"1,102","1,021",709,829,929,951,"1,006","1,000",965,954,948,840,840,852,856,888,926,844,885,906,906,941,970,"1,005","1,037",998,"1,002","1,076","1,158","1,227","1,328","1,499","1,444","1,504","1,656","1,760","1,812","1,934","2,050","2,108","2,168","2,029"
562,Niger,126,131,160,166,186,230,264,303,399,507,600,509,450,391,308,295,371,416,420,381,438,402,405,359,215,251,259,231,254,241,203,213,234,278,294,330,344,389,472,454,463,499,520,552,570,483,495,517,571
566,Nigeria,525,595,707,792,"1,251","1,548","1,834","2,071","2,242","2,634","3,321","2,989","2,858","2,759","2,657","2,515","1,317",692,770,607,646,610,523,555,470,468,484,494,500,498,568,590,742,795,"1,008","1,268","1,656","1,883","2,243","1,891","2,292","2,520","2,747","2,998","3,223","2,730","2,176","1,969","2,154"
807,North Macedonia,,,,,,,,,,,,,,,,,,,,,"1,459","1,463","1,377","1,494","1,796","2,373","2,333","1,957","1,872","1,909","1,854","1,816","1,961","2,409","2,763","3,038","3,326","4,036","4,793","4,544","4,543","5,064","4,698","5,211","5,468","4,840","5,129","5,431","6,063"
578,Norway,"3,306","3,734","4,413","5,689","6,811","8,203","8,924","10,263","11,461","13,045","15,770","15,515","15,236","14,942","14,996","15,751","18,874","22,506","24,228","24,286","28,204","28,545","30,479","27,932","29,282","34,814","37,221","36,504","34,663","36,273","38,060","38,463","43,010","50,077","57,525","66,680","73,952","84,956","96,887","80,008","87,754","100,697","101,623","102,917","96,924","74,195","70,239","75,221","81,336"
512,Oman,371,421,495,627,"2,047","2,489","2,891","2,936","2,780","3,582","5,419","6,187","6,156","6,169","6,467","6,861","5,213","5,268","4,942","5,323","6,377","5,923","6,209","5,963","5,947","6,193","6,755","6,962","6,216","6,915","8,601","8,476","8,627","9,066","10,126","12,377","14,420","15,838","22,140","16,824","18,713","20,877","21,873","20,866","16,984","15,345","15,761","16,991","19,073"
586,Pakistan,226,234,134,140,180,220,251,279,319,341,397,456,430,422,439,421,425,439,485,470,480,505,553,531,556,624,605,591,578,561,540,502,537,594,666,734,831,907,880,920,973,"1,155","1,146","1,152","1,275","1,339","1,363","1,458","1,330"
585,Palau,790,851,913,980,"1,059","1,158","1,280","1,423","1,596","1,782","1,969","2,150","2,322","2,492","2,740","3,044","3,390","3,780","4,221","4,706","5,235","5,623","5,887","5,275","5,441","6,432","7,493","7,926","8,036","7,622","7,738","8,158","8,230","7,974","8,727","9,326","9,674","10,159","10,587","10,028","10,220","10,884","11,967","12,688","13,795","15,872","16,932","16,078","15,859"
591,Panama,767,841,899,"1,000","1,112","1,212","1,254","1,296","1,499","1,674","2,082","2,290","2,369","2,432","2,514","2,621","2,709","2,734","2,392","2,348","2,499","2,691","2,996","3,205","3,348","3,354","3,387","3,590","3,814","3,918","3,897","3,883","3,960","4,095","4,407","4,719","5,134","6,166","7,154","7,576","8,082","9,358","10,722","11,889","12,796","13,630","14,356","15,166","15,575"
598,Papua New Guinea,392,427,499,738,815,735,771,828,980,"1,099","1,188","1,135","1,047","1,016",979,902,970,"1,123","1,274","1,206","1,070","1,229","1,360","1,511","1,578","1,402","1,457","1,358","1,013",903,899,772,751,897,988,"1,126","1,250","1,402","1,673","1,626","1,949","2,407","2,791","2,730","2,895","2,832","2,597","2,608","2,681"
600,Paraguay,275,300,339,428,560,619,679,815,972,"1,263","1,599","1,966","1,986","2,141","1,706","1,414","1,635","1,333","1,725","1,214","1,426","1,649","1,659","1,726","1,925","2,186","2,318","2,298","2,006","1,812","1,725","1,537","1,480","1,514","1,815","1,941","2,330","2,977","4,041","3,625","4,360","5,323","5,183","5,927","6,103","5,407","5,319","5,681","5,795"
604,Peru,433,470,507,590,724,860,799,702,587,731,949,"1,131","1,123",851,871,735,"1,068","1,710","1,461","1,608","1,319","1,525","1,562","1,480","1,873","2,196","2,233","2,306","2,163","1,925","1,956","1,942","2,022","2,146","2,417","2,730","3,155","3,607","4,223","4,197","5,082","5,869","6,529","6,757","6,679","6,228","6,205","6,701","6,947"
608,Philippines,207,223,234,286,380,400,446,499,561,661,759,811,823,716,659,627,594,642,714,782,793,793,903,905,"1,041","1,177","1,286","1,249",967,"1,087","1,039",957,"1,000","1,010","1,079","1,194","1,391","1,671","1,916","1,822","2,124","2,345","2,573","2,749","2,831","2,867","2,941","2,982","3,103"
616,Poland,866,952,"1,044","1,226","1,365","1,441","1,593","1,751","1,965","2,179","1,663","1,561","1,879","2,153","2,138","1,975","2,043","1,758","1,886","2,245","1,738","2,247","2,471","2,512","2,887","3,696","4,153","4,128","4,522","4,400","4,458","4,945","5,162","5,658","6,643","7,979","8,989","11,187","13,917","11,467","12,505","13,812","13,089","13,738","14,318","12,557","12,426","13,869","15,444"
620,Portugal,937,"1,058","1,278","1,694","1,937","2,110","2,186","2,273","2,459","2,755","3,374","3,256","3,093","2,751","2,542","2,731","3,903","4,860","5,692","6,126","7,955","8,999","10,812","9,505","9,925","11,705","12,101","11,501","12,135","12,426","11,490","11,749","12,918","15,807","18,054","18,763","19,783","22,716","24,761","22,981","22,450","23,161","20,542","21,615","22,038","19,223","19,978","21,515","23,478"
630,Puerto Rico,"1,940","2,148","2,372","2,582","2,787","2,922","3,142","3,412","3,778","4,245","4,736","5,167","5,365","5,472","6,010","6,305","6,768","7,296","7,935","8,497","9,119","9,531","10,123","10,687","11,380","12,122","12,786","13,491","15,052","16,027","17,054","19,121","19,821","20,768","22,054","23,105","24,084","24,755","25,953","26,800","27,482","28,190","28,718","29,239","29,663","30,571","31,780","32,952","33,271"
634,Qatar,"4,921","5,975","7,893","10,571","12,597","15,029","18,457","19,249","20,483","27,455","35,048","34,972","27,455","20,966","20,132","16,591","12,704","12,902","13,612","14,053","15,454","14,124","15,434","14,271","14,544","15,850","17,337","21,105","18,594","21,724","29,976","28,517","30,215","34,518","42,125","51,456","59,530","65,422","80,234","59,095","67,403","82,410","85,076","85,051","83,858","63,039","57,163","61,264","68,794"
410,Republic of Korea,287,309,332,416,575,629,850,"1,076","1,434","1,821","1,752","1,925","2,037","2,246","2,459","2,521","2,872","3,596","4,801","5,880","6,677","7,705","8,190","8,939","10,428","12,597","13,411","12,381","8,235","10,588","12,161","11,480","13,068","14,561","16,356","19,197","21,547","23,914","21,295","19,128","23,091","25,172","25,538","27,228","29,330","28,841","29,423","31,781","33,622"
498,Republic of Moldova,,,,,,,,,,,,,,,,,,,,,"1,092",929,674,683,483,489,471,540,479,333,368,424,477,570,748,862,987,"1,279","1,767","1,593","1,707","2,063","2,137","2,331","2,335","1,903","1,985","2,382","2,791"
642,Romania,619,727,829,956,991,"1,057","1,176","1,259","1,472","1,575","1,613","1,946","2,260","2,079","1,776","2,199","2,384","2,653","2,730","2,425","1,728","1,306",889,"1,203","1,381","1,640","1,630","1,583","1,868","1,623","1,691","1,852","2,113","2,756","3,532","4,597","5,747","8,300","10,289","8,436","8,120","9,020","8,464","9,484","9,964","8,928","9,522","10,771","12,281"
643,Russian Federation,,,,,,,,,,,,,,,,,,,,,"3,891","3,810","3,325","3,106","2,770","2,714","2,668","2,761","1,852","1,343","1,787","2,118","2,396","3,005","4,142","5,370","6,971","9,161","11,708","8,614","10,732","14,277","15,350","15,916","14,265","9,422","8,845","10,867","11,394"
646,Rwanda,61,71,77,93,119,138,150,169,199,235,257,279,270,275,284,295,316,336,347,345,334,256,286,296,192,211,221,279,277,242,219,203,199,216,241,292,349,412,510,550,575,638,695,705,723,728,726,763,773
659,Saint Kitts and Nevis,554,671,789,832,"1,084","1,149",974,"1,013","1,131","1,354","1,585","1,883","2,013","2,045","2,337","2,651","3,151","3,600","4,249","4,771","5,397","5,462","5,950","6,412","7,092","7,451","7,862","8,734","8,859","9,313","9,553","10,273","10,641","10,261","10,942","11,678","13,613","14,427","15,591","15,388","15,509","16,538","16,045","16,685","18,052","18,029","18,812","19,155","19,275"
662,Saint Lucia,327,370,420,468,629,721,731,806,930,"1,111","1,285","1,451","1,549","1,658","1,803","1,973","2,351","2,527","2,825","3,141","3,369","3,574","3,921","3,878","3,994","4,204","4,415","4,437","4,803","4,993","4,991","4,666","4,654","5,020","5,471","5,724","6,860","7,640","7,568","7,429","8,044","8,238","8,152","8,359","8,744","9,262","9,452","10,040","10,566"
882,Samoa,289,338,388,508,569,565,510,586,642,725,741,693,706,647,629,548,576,636,755,695,708,701,733,730,"1,208","1,185","1,325","1,435","1,339","1,360","1,362","1,404","1,540","1,864","2,216","2,486","2,562","3,636","3,683","3,332","3,722","4,060","3,995","4,006","4,062","4,066","4,224","4,221","4,250"
674,San Marino,"4,173","4,548","5,270","6,344","7,179","8,122","7,915","8,932","10,734","13,180","15,730","13,997","13,714","14,053","13,735","14,029","19,653","24,465","26,776","27,578","34,491","35,872","37,437","32,732","34,981","39,330","44,721","41,704","44,282","46,341","41,540","43,206","46,037","57,956","67,102","69,139","72,908","82,745","90,419","76,672","68,505","64,872","56,085","57,292","55,993","42,643","43,796","45,399","48,473"
678,Sao Tome and Principe,475,464,506,670,678,687,579,531,576,669,811,812,768,707,723,750,"1,026","1,000",831,806,952,838,724,941,965,749,961,644,499,525,509,499,550,641,685,801,832,877,"1,099","1,068","1,095","1,264","1,341","1,577","1,725","1,545","1,661","1,765","1,948"
682,Saudi Arabia,921,"1,178","1,512","2,227","6,437","6,304","8,203","9,039","9,283","12,241","16,978","17,872","13,945","11,040","9,633","7,919","6,299","5,924","5,849","6,078","7,236","7,873","7,922","7,476","7,411","7,680","8,325","8,540","7,419","8,008","9,171","8,685","8,695","9,610","11,185","13,792","15,385","16,517","20,078","16,113","19,263","23,746","25,244","24,845","24,464","20,628","19,879","20,802","23,217"
686,Senegal,289,290,340,380,416,545,539,539,586,713,754,608,616,574,525,561,795,942,990,892,"1,067",999,"1,063",930,606,726,735,662,696,727,618,629,671,842,961,"1,016","1,064","1,249","1,443","1,340","1,319","1,427","1,373","1,394","1,395","1,218","1,270","1,358","1,502"
688,Serbia,,,,,,,,,,,,,,,,,,,,,"4,242","3,840","2,767","1,970","2,051","2,208","2,309","2,191","1,977","1,503","1,249","1,635","2,149","2,832","3,331","3,528","4,130","5,458","6,702","5,821","5,412","6,421","5,657","6,352","6,199","5,237","5,756","6,267","7,209"
690,Seychelles,425,494,672,788,897,969,975,"1,247","1,620","2,363","2,688","2,745","2,612","2,566","2,635","2,925","3,608","4,306","4,904","5,255","6,311","6,332","7,212","7,656","7,731","8,011","7,777","8,681","9,297","9,407","9,221","9,055","9,966","9,863","9,604","10,368","11,353","11,474","10,693","9,333","10,628","11,085","11,441","14,220","14,255","14,503","14,916","15,590","16,378"
694,Sierra Leone,166,173,187,209,236,247,225,251,316,357,393,412,454,386,462,362,246,203,309,285,204,243,212,240,286,274,296,265,208,203,188,229,252,266,267,292,323,360,408,391,402,448,566,717,715,592,527,499,536
702,Singapore,926,"1,075","1,372","1,931","2,363","2,562","2,653","2,895","3,443","4,097","5,008","5,837","6,304","6,975","7,393","6,858","6,792","7,670","9,228","10,688","12,911","14,663","16,301","18,345","21,599","24,927","26,497","26,695","22,200","21,818","23,787","21,899","22,401","23,492","27,336","29,870","33,572","39,309","40,251","38,740","46,075","52,553","54,309","55,954","56,692","54,765","55,992","58,983","62,721"
534,Sint Maarten (Dutch part),,,,,,,,,,,,,,,,,,,,,,,,,,,,,,,,,,,,"21,175","22,673","24,174","25,572","25,530","26,238","26,700","27,202","27,218","27,213","26,682","26,271","25,166","23,367"
703,Slovakia,,,,,,,,,,,,,,,,,,,,,"3,186","2,222","2,407","2,583","2,979","3,728","4,021","4,065","4,230","3,857","3,837","3,965","4,594","6,293","7,987","9,082","10,591","14,273","17,916","16,486","16,687","18,303","17,436","18,209","18,636","16,274","16,472","17,526","19,431"
705,Slovenia,,,,,,,,,,,,,,,,,,,,,"9,063","6,603","6,533","6,627","7,542","10,724","10,814","10,448","11,142","11,426","10,208","10,504","11,820","14,908","17,292","18,148","19,715","23,857","27,461","24,764","23,570","25,114","22,636","23,461","24,150","20,804","21,527","23,388","26,005"
90,Solomon Islands,200,208,219,282,391,335,359,392,456,584,623,678,662,484,663,591,520,509,597,553,667,687,790,833,916,"1,015","1,091","1,075",917,947,820,789,629,703,793,914,979,"1,195","1,266","1,239","1,363","1,607","1,755","1,814","1,832","1,756","1,822","1,885","1,947"
706,Somalia,99,100,129,138,158,195,204,92,94,88,91,103,110,101,108,122,120,133,134,137,138,84,80,136,153,150,164,187,234,223,231,142,128,155,196,222,222,224,228,106,91,92,120,135,123,105,101,103,100
710,South Africa,845,908,929,"1,239","1,516","1,528","1,430","1,550","1,740","2,094","2,938","2,940","2,624","2,847","2,453","1,825","2,034","2,606","2,737","2,783","3,171","3,321","3,516","3,428","3,487","3,752","3,494","3,550","3,154","3,082","3,032","2,666","2,502","3,751","4,834","5,384","5,602","6,096","5,761","5,863","7,329","8,007","7,502","6,829","6,429","5,731","5,272","6,122","6,369"
728,South Sudan,,,,,,,,,,,,,,,,,,,,,,,,,,,,,,,,,,,,,,,"1,767","1,307","1,576","1,759",953,"1,299","1,498","1,233",626,698,748
724,Spain,"1,210","1,360","1,706","2,243","2,742","3,199","3,267","3,612","4,336","5,740","6,174","5,341","5,130","4,450","4,460","4,668","6,468","8,182","9,636","10,603","13,686","14,686","16,008","13,283","13,378","15,447","16,102","14,740","15,403","15,689","14,620","15,181","16,828","21,257","24,641","26,199","28,154","32,403","35,280","31,889","30,273","31,407","28,150","28,867","29,274","25,607","26,420","28,138","30,406"
144,Sri Lanka,225,226,248,264,323,328,306,340,229,275,325,340,358,381,430,425,444,456,482,476,542,603,642,683,766,838,899,968,"1,000",988,"1,019",971,"1,027","1,124","1,220","1,429","1,643","1,866","2,332","2,392","2,800","3,201","3,333","3,597","3,817","3,855","3,920","4,166","4,190"
670,St. Vincent and the Grenadines,234,252,342,370,400,399,383,435,544,626,695,846,973,"1,083","1,170","1,276","1,429","1,586","1,821","1,963","2,179","2,328","2,555","2,610","2,662","2,890","3,049","3,218","3,481","3,620","3,676","3,988","4,273","4,448","4,810","5,071","5,626","6,307","6,416","6,232","6,293","6,242","6,390","6,640","6,685","6,921","7,075","7,213","7,361"
275,State of Palestine,157,178,250,300,451,437,499,500,508,575,711,638,658,662,632,571,887,946,964,883,921,952,"1,125","1,159","1,208","1,333","1,322","1,392","1,441","1,456","1,423","1,286","1,119","1,226","1,313","1,433","1,460","1,548","1,896","2,043","2,387","2,696","2,878","3,119","3,159","3,085","3,323","3,397","3,347"
729,Sudan,,,,,,,,,,,,,,,,,,,,,,,,,,,,,,,,,,,,,,,"1,468","1,439","1,583","1,932","1,721","1,725","2,056","2,158","2,250","3,039","1,208"
736,Sudan (Former),90,94,113,141,167,202,243,277,288,307,335,390,285,249,325,295,389,490,474,454,493,431,449,452,418,440,279,332,345,329,391,457,512,587,712,914,"1,144","1,461","1,530","1,411","1,581",,,,,,,,
740,Suriname,969,"1,054","1,153","1,275","1,553","1,775","1,936","2,457","2,814","2,988","3,029","3,382","3,474","3,342","3,246","3,246","3,263","3,523","4,090","1,899","1,856","1,933","1,949","1,829","1,900","1,911","2,350","2,485","2,942","2,401","2,456","2,142","2,777","3,193","3,658","4,391","5,198","5,744","6,832","7,409","8,256","8,263","9,201","9,402","9,472","8,562","5,539","5,627","6,004"
752,Sweden,"4,690","5,092","5,974","7,228","8,010","10,028","10,778","11,356","12,515","14,744","16,946","15,449","13,620","12,500","12,986","13,543","17,802","21,554","24,253","25,389","30,313","31,534","32,462","24,147","25,832","30,034","32,707","30,036","30,315","30,687","29,424","27,087","29,744","37,119","42,558","43,121","46,198","53,255","55,802","46,721","52,750","60,501","57,732","60,786","59,868","51,577","52,434","54,574","55,767"
756,Switzerland,"3,947","4,703","5,723","7,646","8,771","10,032","10,494","11,234","15,759","17,757","18,939","17,311","17,672","17,511","16,617","16,746","23,865","29,716","31,950","30,630","38,791","38,863","40,014","38,485","42,178","48,978","46,901","40,534","41,603","40,748","38,082","38,811","41,745","48,557","53,820","55,328","57,778","63,676","72,725","70,196","74,761","88,476","83,422","84,907","86,422","81,939","80,109","80,412","82,709"
760,Syrian Arab Republic,276,314,350,362,562,705,820,867,"1,006","1,168","1,472","1,823","1,839","1,891","1,877",943,885,895,"1,018",851,897,971,"1,095","1,147",888,944,"1,026","1,066","1,120","1,112","1,198","1,253","1,275","1,198","1,377","1,547","1,737","2,026","2,543","2,552","2,830","3,192","2,292","1,380","1,235","1,061",709,771,981
762,Tajikistan,,,,,,,,,,,,,,,,,,,,,537,505,360,303,240,211,176,154,217,176,138,171,190,238,312,341,409,527,716,676,750,847,969,"1,055","1,119",929,803,806,827
764,Thailand,200,203,218,281,346,367,408,464,551,615,708,747,770,827,848,775,843,971,"1,164","1,343","1,564","1,769","1,999","2,209","2,491","2,847","3,044","2,468","1,846","2,033","2,008","1,893","2,096","2,359","2,660","2,894","3,370","3,973","4,380","4,213","5,076","5,492","5,861","6,168","5,952","5,840","5,979","6,578","7,274"
626,Timor-Leste,,,,,,,,,,,,,,,,,,,,,275,308,380,426,469,519,598,552,626,430,497,574,553,574,"1,110","1,823","2,615","2,780","4,161","2,978","3,657","5,095","5,880","4,888","3,442","2,585","2,053","2,001","2,036"
768,Togo,145,159,180,205,268,289,269,317,384,447,483,392,327,283,258,264,363,414,487,464,545,526,540,403,306,393,418,413,378,367,302,293,327,396,413,406,408,449,544,538,534,586,572,621,640,570,597,602,655
776,Tonga,203,227,269,396,525,481,441,495,596,633,849,877,911,915,913,779,930,"1,116","1,535","1,598","1,705","2,050","2,020","1,990","2,031","2,118","2,289","2,203","1,951","2,004","1,932","1,694","1,832","2,082","2,375","2,592","2,868","2,973","3,308","3,140","3,595","4,328","4,533","4,316","4,439","3,973","4,167","4,828","4,886"
780,Trinidad and Tobago,872,941,"1,122","1,336","2,055","2,423","2,446","3,028","3,390","4,318","5,764","6,362","7,288","6,840","6,734","6,320","4,062","4,027","3,745","3,574","4,161","4,330","4,410","3,690","3,970","4,261","4,592","4,567","4,803","5,402","6,453","6,958","7,072","8,832","10,321","12,360","14,140","16,585","21,260","14,555","16,702","19,085","19,157","20,144","20,271","18,290","16,177","16,238","17,130"
788,Tunisia,312,357,464,554,704,840,855,948,"1,081","1,271","1,506","1,413","1,325","1,282","1,236","1,260","1,317","1,382","1,407","1,376","1,640","1,695","1,975","1,823","1,914","2,169","2,320","2,208","2,293","2,387","2,212","2,253","2,344","2,761","3,111","3,193","3,370","3,776","4,307","4,129","4,142","4,265","4,153","4,223","4,306","3,862","3,698","3,482","3,450"
792,Turkey,718,661,811,994,"1,340","1,636","1,829","2,039","2,201","2,937","2,154","2,174","1,931","1,804","1,716","1,884","2,080","2,348","2,403","2,783","3,847","3,791","3,929","4,384","3,124","3,985","4,204","4,330","4,496","4,108","4,316","3,120","3,660","4,718","6,040","7,384","8,036","9,712","10,854","9,039","10,672","11,336","11,708","12,520","12,096","10,949","10,820","10,512","9,368"
795,Turkmenistan,,,,,,,,,,,,,,,,,,,,,834,799,675,682,562,520,555,616,648,864,"1,092","1,480","1,887","2,424","2,587","2,983","3,371","3,796","4,382","4,036","4,439","5,650","6,675","7,304","7,962","6,478","6,388","6,585","6,965"
796,Turks and Caicos Islands,"1,674","1,844","2,015","2,190","2,383","2,598","2,848","3,127","3,433","3,752","4,079","4,401","4,717","5,052","5,424","5,856","6,348","6,898","7,527","8,155","8,745","9,296","9,786","10,527","11,160","11,748","12,644","13,395","14,544","15,452","15,842","16,629","15,785","16,383","18,187","20,534","24,562","25,456","27,648","22,020","21,028","21,835","21,010","21,329","23,296","24,833","25,995","25,934","27,142"
798,Tuvalu,451,477,523,650,680,635,601,533,549,543,563,603,476,497,535,428,524,626,871,935,"1,070","1,124","1,175","1,042","1,235","1,265","1,340","1,437","1,391","1,475","1,473","1,400","1,619","1,887","2,192","2,168","2,262","2,643","2,909","2,583","2,982","3,598","3,464","3,418","3,352","3,157","3,523","3,862","4,001"
835,U.R. of Tanzania: Mainland,171,177,195,226,262,293,307,356,413,424,479,536,549,537,479,512,351,239,270,280,266,291,250,221,220,249,300,344,370,370,380,377,382,401,429,459,492,552,683,692,732,767,860,967,"1,028",947,965,"1,003","1,044"
800,Uganda,151,163,172,197,232,260,266,278,278,255,261,288,319,342,328,326,359,387,427,364,249,195,203,203,309,350,344,360,336,310,287,289,295,302,350,403,428,511,598,607,607,642,707,720,754,657,641,661,704
804,Ukraine,,,,,,,,,,,,,,,,,,,,,"1,816","1,714","1,580","1,391","1,098",990,912,"1,035",872,664,663,812,916,"1,093","1,424","1,903","2,401","3,208","4,075","2,644","2,970","3,577","3,867","4,048","2,959","2,026","2,088","2,522","2,957"
784,United Arab Emirates,"4,551","5,270","6,652","10,815","25,177","27,199","30,512","34,266","28,828","33,951","43,324","45,575","40,549","35,298","32,732","30,109","23,775","24,036","22,586","24,342","28,092","26,960","26,766","25,931","26,186","27,578","29,354","29,897","27,251","28,843","33,727","31,690","31,980","33,937","36,808","39,880","42,455","42,356","45,080","32,443","33,893","39,195","40,977","42,413","43,752","38,663","38,142","39,812","43,005"
826,United Kingdom,"2,352","2,657","3,041","3,438","3,675","4,305","4,140","4,681","5,976","7,811","10,051","9,618","9,157","8,700","8,192","8,673","10,641","13,151","16,021","16,269","19,134","19,947","20,536","18,427","19,743","23,159","24,357","26,737","28,202","28,655","28,134","27,744","30,078","34,470","40,369","42,109","44,619","50,460","47,033","38,372","39,005","41,537","41,920","42,872","46,831","44,467","40,639","39,957","42,526"
840,United States,"5,123","5,511","5,998","6,624","7,117","7,691","8,474","9,330","10,441","11,557","12,451","13,845","14,301","15,396","16,946","18,042","18,865","19,813","21,168","22,591","23,652","24,193","25,372","26,427","27,788","28,811","30,086","31,568","32,935","34,574","36,393","37,180","38,069","39,536","41,777","44,193","46,395","48,075","48,479","47,171","48,516","49,882","51,576","53,049","55,001","56,797","57,938","60,044","62,918"
858,Uruguay,903,"1,082",868,"1,109","1,535","1,351","1,410","1,571","1,870","2,659","3,650","4,048","3,293","1,896","1,790","1,735","2,143","2,668","2,736","2,786","2,971","3,543","4,509","5,214","6,029","6,610","6,977","7,330","7,714","7,250","6,875","6,284","4,091","3,624","4,121","5,227","5,888","7,027","9,091","9,452","11,992","14,237","15,172","16,974","16,832","15,614","15,387","17,322","17,278"
810,USSR (Former),"1,789","1,863","2,091","2,482","2,455","2,708","2,695","2,866","3,233","3,440","3,556","3,400","3,568","3,658","3,426","3,308","3,052","2,844","2,761","2,734","2,748",,,,,,,,,,,,,,,,,,,,,,,,,,,,
860,Uzbekistan,,,,,,,,,,,,,,,,,,,,,866,870,772,755,716,710,721,789,749,840,667,441,461,468,550,646,769,975,"1,274","1,431","1,645","1,960","2,173","2,305","2,519","2,646","2,601","1,851","1,555"
548,Vanuatu,445,467,601,710,686,804,753,765,906,"1,159","1,074",912,885,922,"1,098","1,020",968,"1,006","1,157","1,107","1,170","1,355","1,373","1,373","1,465","1,621","1,650","1,631","1,460","1,462","1,433","1,347","1,363","1,581","1,788","1,887","2,050","2,399","2,706","2,650","2,967","3,265","3,133","3,124","3,088","2,802","2,890","3,082","3,037"
862,Venezuela (Bolivarian Republic of),"1,214","1,293","1,383","1,600","2,382","2,436","2,708","3,033","3,201","3,826","4,554","4,974","4,946","4,806","3,433","3,462","3,295","2,549","3,117","2,162","2,396","2,574","2,844","2,764","2,662","3,415","3,049","3,759","3,922","4,127","4,842","4,987","3,701","3,269","4,326","5,505","6,833","8,454","11,420","11,752","13,847","10,956","12,986","12,469","12,099","11,449","9,671","8,436","7,212"
704,Viet Nam,64,68,71,72,76,80,91,106,126,134,44,34,39,57,85,79,81,83,89,95,95,110,139,182,221,277,324,348,348,363,390,405,430,481,596,687,784,906,"1,149","1,217","1,318","1,525","1,735","1,887","2,030","2,085","2,192","2,366","2,563"
887,Yemen,,,,,,,,,,,,,,,,,,,,291,344,340,346,350,349,398,471,488,441,514,624,627,664,714,799,947,"1,103","1,204","1,388","1,264","1,335","1,305","1,311","1,382","1,287","1,006",911,868,936
886,Yemen Arab Republic (Former),84,98,141,126,150,179,191,213,228,243,264,279,305,307,304,311,314,317,321,327,392,,,,,,,,,,,,,,,,,,,,,,,,,,,,
720,Yemen Democratic (Former),105,95,104,84,88,87,111,134,158,166,198,221,255,261,270,254,214,213,217,237,273,,,,,,,,,,,,,,,,,,,,,,,,,,,,
890,Yugoslavia (Former),720,776,802,"1,036","1,421","1,578","1,766","2,129","2,510","3,123","3,176","3,103","2,805","2,851","2,936","2,997","3,120","3,195","3,190","3,309","2,990",,,,,,,,,,,,,,,,,,,,,,,,,,,,
894,Zambia,370,364,415,509,606,538,550,523,567,677,737,663,682,616,477,400,295,286,457,506,472,409,391,378,412,419,385,448,359,336,346,383,382,435,539,703,"1,048","1,124","1,394","1,160","1,489","1,746","1,718","1,781","1,733","1,314","1,311","1,535","1,572"
836,Zanzibar,,,,,,,,,,,,,,,,,,,,,201,220,214,202,199,235,295,438,325,314,325,336,337,342,380,408,445,517,623,623,652,666,772,851,931,821,848,944,"1,024"
716,Zimbabwe,442,493,588,698,812,861,824,806,781,897,"1,115","1,294","1,331","1,166",920,982,"1,045","1,094","1,227","1,259","1,300","1,185",957,914,946,970,"1,167","1,189",826,780,734,726,687,646,617,595,580,568,513,772,948,"1,094","1,305","1,430","1,435","1,445","1,465","1,548","1,684"